State,State_abbr,FIPS,APIS_date,alcohol_togo_APIS_bars,alcohol_togo_APIS_rest,Spirits_togo_NABCA_bars,Spirits_togo_NABCA_rest,Doug's Notes for Differneces,Suggested_code_bar,Suggested_code_rest,UID,SID,SchoolName,BarName,RC_Masks_customer,RC_Masks_staff,RC_distance,Drink_Specials,alcohol_togo,Beer_Price,Vodka_price,Cigarettes_inside,Ecig_inside,City,togo_cat_raw,alcohol to-go Mixed Drinks Beer Wine,beer,wine,mixed_drinks,NABCA_spirits_bars,NABCA_spirits_rest
Alabama,AL,1,9/15/2020,0,0,Yes,Yes,"Appears to be due to timing of collection, APIS likely more accurate",0,0,142,4,University of Alabama,Rounders,,,,,,,,,,Tuscaloosa,,,,,,1,1
Alabama,AL,1,9/15/2020,0,0,Yes,Yes,"Appears to be due to timing of collection, APIS likely more accurate",0,0,198,63,Auburn University,Derailed Bar & Grill,,,,,,,,,,Auburn,,,,,,1,1
Alabama,AL,1,9/15/2020,0,0,Yes,Yes,"Appears to be due to timing of collection, APIS likely more accurate",0,0,413,4,University of Alabama,Green Bar,,,,,,,,,,Tuscaloosa,,,,,,1,1
Alabama,AL,1,9/15/2020,0,0,Yes,Yes,"Appears to be due to timing of collection, APIS likely more accurate",0,0,467,63,Auburn University,Quitoxes,,,,,,,,,,Auburn,,,,,,1,1
Alaska,AK,2,5/22/2020,1,1,Yes,Yes,,1,1,5,5,University of Alaska Southeast,Sandbar & Grill,1,1,1,0,0,4,5.5,0,0,Juneau,,N/A,0,0,0,1,1
Alaska,AK,2,5/22/2020,1,1,Yes,Yes,,1,1,117,123,University of Alaska Anchorage,Timeout Lounge,1,1,0,0,0,5,4.5,0,0,Anchorage,,,0,0,0,1,1
Alaska,AK,2,5/22/2020,1,1,Yes,Yes,,1,1,140,2,University of Alaska Fairbanks,Red Fox Bar & Grill,,,,,,,,,,Fairbanks,,,,,,1,1
Alaska,AK,2,5/22/2020,1,1,Yes,Yes,,1,1,143,5,University of Alaska Southeast,Squires Rest,1,1,1,0,0,6.5,5,0,0,Juneau,,,0,0,0,1,1
Alaska,AK,2,5/22/2020,1,1,Yes,Yes,,1,1,258,123,University of Alaska Anchorage,Blue Fox,1,1,1,0,0,4,5.5,0,0,Anchorage,,,0,0,0,1,1
Alaska,AK,2,5/22/2020,1,1,Yes,Yes,,1,1,282,2,University of Alaska Fairbanks,Mecca Bar,0,0,0,0,0,3.5,4,0,0,Fairbanks,,N/A,0,0,0,1,1
Alaska,AK,2,5/22/2020,1,1,Yes,Yes,,1,1,411,2,University of Alaska Fairbanks,The Marlin,,,,,,,,,,Fairbanks,,,,,,1,1
Arizona,AZ,4,8/10/2020,1,1,No,Yes,"In APIS, bars turn on 3/20, NABCA website has curbside alcmarked as expired, spirits marked as yes",1,1,63,68,Northern Arizona University,Collins Irish Pub & Grill,1,1,1,1,0,6.5,6.5,0,0,Flagstaff,,,0,0,0,0,1
Arizona,AZ,4,8/10/2020,1,1,No,Yes,"In APIS, bars turn on 3/20, NABCA website has curbside alcmarked as expired, spirits marked as yes",1,1,128,135,University of Arizona,Frog & Firkin,1,1,0,1,,,,,,Tucson,,,,,,0,1
Arizona,AZ,4,8/10/2020,1,1,No,Yes,"In APIS, bars turn on 3/20, NABCA website has curbside alcmarked as expired, spirits marked as yes",1,1,152,14,Arizona State University- Tempe,Fat Tuesday,1,1,1,1,1,3.5,6,0,0,Tempe,MBW,MBW,1,1,1,0,1
Arizona,AZ,4,8/10/2020,1,1,No,Yes,"In APIS, bars turn on 3/20, NABCA website has curbside alcmarked as expired, spirits marked as yes",1,1,203,68,Northern Arizona University,Lumberyard Brewing Co,1,1,1,1,1,3.25,4,0,0,Flagstaff,beer/mixed drinks,beer/mixed drinks,1,1,1,0,1
Arizona,AZ,4,8/10/2020,1,1,No,Yes,"In APIS, bars turn on 3/20, NABCA website has curbside alcmarked as expired, spirits marked as yes",1,1,340,68,Northern Arizona University,Monsoon,1,1,1,1,,,,,,Flagstaff,,,,,,0,1
Arizona,AZ,4,8/10/2020,1,1,No,Yes,"In APIS, bars turn on 3/20, NABCA website has curbside alcmarked as expired, spirits marked as yes",1,1,399,135,University of Arizona,Dutch Eatery & Refuge,1,1,1,1,1,6,6,0,0,Tucson,MBW,MBW,1,1,1,0,1
Arizona,AZ,4,8/10/2020,1,1,No,Yes,"In APIS, bars turn on 3/20, NABCA website has curbside alcmarked as expired, spirits marked as yes",1,1,423,14,Arizona State University- Tempe,The Lodge Sasquatch Kitchen,1,1,0,1,1,5,5,0,0,Tempe,,BM,1,0,1,0,1
Arizona,AZ,4,8/10/2020,1,1,No,Yes,"In APIS, bars turn on 3/20, NABCA website has curbside alcmarked as expired, spirits marked as yes",1,1,533,135,University of Arizona,Club 4th Ave,,,,,,,,,,Tucson,,,,,,0,1
Arkansas,AR,5,5/26/2020,1,1,Yes,Yes,,1,1,30,31,University of Arkansas at Little Rock,Zack's Place LLC,,,,,,,,,,Little Rock,,,,,,1,1
Arkansas,AR,5,5/26/2020,1,1,Yes,Yes,,1,1,255,120,University of Arkansas,Yeehawg,,,,,,,,,,Fayetteville,,,,,,1,1
Arkansas,AR,5,5/26/2020,1,1,Yes,Yes,,1,1,267,132,Arkansas State University-Main Campus,The Diamond Grill,,,,,,,,,,Jonesboro,,,,,,1,1
Arkansas,AR,5,5/26/2020,1,1,Yes,Yes,,1,1,438,31,University of Arkansas at Little Rock,Norm's,,,,,,,,,,Little Rock,,,,,,1,1
Arkansas,AR,5,5/26/2020,1,1,Yes,Yes,,1,1,520,120,University of Arkansas,Maxine's Tap Room,1,1,1,0,1,4,6,0,0,Fayetteville,MBW,MBW,1,1,1,1,1
Arkansas,AR,5,5/26/2020,1,1,Yes,Yes,,1,1,530,132,Arkansas State University-Main Campus,Brickhouse Bar & Grill,,,,,,,,,,Jonesboro,,,,,,1,1
California,CA,6,8/31/2020,1,1,No,Yes,"order of non-enforcement, agreeing with APIS",1,1,34,35,"University of California, Los Angeles",Barney's Beanery,1,1,1,1,1,5,7,,,Los Angeles,MBW,MBW,1,1,1,0,1
California,CA,6,8/31/2020,1,1,No,Yes,"order of non-enforcement, agreeing with APIS",1,1,75,80,California State University- Northridge,Matador Bowl,1,1,1,1,0,7.5,6.5,0,0,Northridge,,,0,0,0,0,1
California,CA,6,8/31/2020,1,1,No,Yes,"order of non-enforcement, agreeing with APIS",1,1,129,136,California State University-Fullerton,In Cahoots,,,,,,,,,,Fullerton,,,,,,0,1
California,CA,6,8/31/2020,1,1,No,Yes,"order of non-enforcement, agreeing with APIS",1,1,172,35,"University of California, Los Angeles",Gypsy Café,,,,,,,,,,Los Angeles,,,,,,0,1
California,CA,6,8/31/2020,1,1,No,Yes,"order of non-enforcement, agreeing with APIS",1,1,215,80,California State University-Northridge,Nectar Apple Cocktail Lounge,,,,,,,,,,Northridge,,,,,,0,1
California,CA,6,8/31/2020,1,1,No,Yes,"order of non-enforcement, agreeing with APIS",1,1,271,136,California State University-Fullerton,Branaga's Irish Pub,,,,,,,,,,Fullerton,,,,,,0,1
California,CA,6,8/31/2020,1,1,No,Yes,"order of non-enforcement, agreeing with APIS",1,1,311,35,"University of California, Los Angeles",Philly West Bar & Grill,,,,,,,,,,Los Angeles,,,,,,0,1
California,CA,6,8/31/2020,1,1,No,Yes,"order of non-enforcement, agreeing with APIS",1,1,442,35,University of California Los Angeles,Byblos,1,1,1,0,1,7,12,0,0,Los Angeles,MBW,MBW,1,1,1,0,1
California,CA,6,8/31/2020,1,1,No,Yes,"order of non-enforcement, agreeing with APIS",1,1,483,80,California State University- Northridge,Oh Gradys,,,,,,,,,,Granada Hills,,,,,,0,1
California,CA,6,8/31/2020,1,1,No,Yes,"order of non-enforcement, agreeing with APIS",1,1,534,136,California State University-Fullerton,Heroes Bar & Grill,1,1,0,1,1,6.5,7.5,0,1,Fullerton,,MB,1,0,1,0,1
Colorado,CO,8,9/15/2020,1,1,Yes,Yes,,1,1,37,39,Colorado State University-Fort Collins,Tap and Handle,1,1,1,1,1,5,7,0,0,Fort Collins,all drinks,all drinks,1,1,1,1,1
Colorado,CO,8,9/15/2020,1,1,Yes,Yes,,1,1,131,138,University of Colorado Boulder,Sundown Saloon,,,,,,,,,,Boulder,,,,,,1,1
Colorado,CO,8,9/15/2020,1,1,Yes,Yes,,1,1,175,39,Colorado State University-Fort Collins,Blind Pig Pub,1,1,0,1,1,4,7.75,0,0,Fort Collins,,signature drinks,0,0,1,1,1
Colorado,CO,8,9/15/2020,1,1,Yes,Yes,,1,1,214,79,University of Northern Colorado,Patrick's Irish Pub,1,1,0,1,1,2.25,3,0,0,Greeley,beer,beer,1,0,0,1,1
Colorado,CO,8,9/15/2020,1,1,Yes,Yes,,1,1,273,138,University of Colorado Boulder,The Walrus Saloon,,,,,,,,,,Boulder,,,,,,1,1
Colorado,CO,8,9/15/2020,1,1,Yes,Yes,,1,1,445,39,Colorado State University-Fort Collins,Sahara Night,,,,,,,,,,Fort Collins,,,,,,1,1
Colorado,CO,8,9/15/2020,1,1,Yes,Yes,,1,1,482,79,University of Northern Colorado,Goodtime Towne Tavern,,,,,,,,,,Greeley,,,,,,1,1
Colorado,CO,8,9/15/2020,1,1,Yes,Yes,,1,1,536,138,University of Colorado Boulder,Bohemian Biergarten,1,1,1,0,1,6.5,5,0,0,Boulder,,BW,1,1,0,1,1
Connecticut,CT,9,6/17/2020,1,1,Yes,Yes,,1,1,23,24,Central Connecticut State University,Bar On Cedar The LLC,,,,,,,,,,Newington,,,,,,1,1
Connecticut,CT,9,6/17/2020,1,1,Yes,Yes,,1,1,161,24,Central Connecticut State University,The Frosty Mug,1,1,1,0,0,3,4,0,0,New Britain,,,0,0,0,1,1
Connecticut,CT,9,6/17/2020,1,1,Yes,Yes,,1,1,250,115,Southern Connecticut State University,Rudy's Bar,1,1,0,1,0,5,5,0,0,New Haven,,N/A,0,0,0,1,1
Connecticut,CT,9,6/17/2020,1,1,Yes,Yes,,1,1,276,141,University of Connecticut,True Blue Tavern,,,,,,,,,,Mansfield,,,,,,1,1
Connecticut,CT,9,6/17/2020,1,1,Yes,Yes,,1,1,301,24,Central Connecticut State University,Belvedere Café and restaurant,1,1,0,0,0,,4,1,1,New Britain,,,0,0,0,1,1
Connecticut,CT,9,6/17/2020,1,1,Yes,Yes,,1,1,384,115,Southern Connecticut State University,Box 63 American Bar & Grill,,,,,,,,,,New Haven,,,,,,1,1
Connecticut,CT,9,6/17/2020,1,1,Yes,Yes,,1,1,431,24,Central Connecticut State University,The Back Nine Tavern,1,1,1,0,0,,5,0,0,New Britain,,,0,0,0,1,1
Connecticut,CT,9,6/17/2020,1,1,Yes,Yes,,1,1,517,115,Southern Connecticut State University,Three Sheets,,,,,,,,,,New Haven,,,,,,1,1
Connecticut,CT,9,6/17/2020,1,1,Yes,Yes,,1,1,539,141,University of Connecticut,Ted's Restaurant & Bar,,,,,,,,,,Storrs,,,,,,1,1
Delaware,DE,10,6/1/2020,1,1,Yes,Yes,,1,1,118,124,Delaware State University,Tom's Bullpen,1,1,1,0,0,4,4,0,0,Dover,,N/A,0,0,0,1,1
Delaware,DE,10,6/1/2020,1,1,Yes,Yes,,1,1,121,127,University of Delaware,Arena's Deli & Bar,1,1,0,1,1,2.25,5,0,0,Newark,,margaritas,0,0,1,1,1
Delaware,DE,10,6/1/2020,1,1,Yes,Yes,,1,1,259,124,Delaware State University,McGlynns Pub & Restaurant,1,1,0,1,1,2.75,3,0,0,Dover,all drinks,all drinks,1,1,1,1,1
Delaware,DE,10,6/1/2020,1,1,Yes,Yes,,1,1,262,127,University of Delaware,Pat's Pizza & Pasta,1,1,0,,0,2.5,,0,0,Newark,,N/A,0,0,0,1,1
Delaware,DE,10,6/1/2020,1,1,Yes,Yes,,1,1,390,124,Delaware State University,Allure Nightclub,,,,,,,,,,Dover,,,,,,1,1
Delaware,DE,10,6/1/2020,1,1,Yes,Yes,,1,1,393,127,University of Delaware,Mad Macs,1,1,1,1,0,2.75,5,0,0,Newark,,,0,0,0,1,1
Delaware,DE,10,6/1/2020,1,1,Yes,Yes,,1,1,523,124,Delaware State University,The Golden Fleece Tavern,,,,,,,,,,Dover,,,,,,1,1
Delaware,DE,10,6/1/2020,1,1,Yes,Yes,,1,1,526,127,University of Delaware,Iron Hill Brewery & Restaurant,1,1,1,1,1,17,7.5,0,0,Newark,MBW,MBW,1,1,1,1,1
District of Columbia,DC,11,6/22/2020,1,1,Yes,Yes,,1,1,,,,,,,,,,,,,,,,,,,,1,1
Florida,FL,12,9/14/2020,1,1,No,Yes,"NABCA site has spirit based drink marked as yes if sealed, no for alcohol curbside",1,1,54,57,Florida International University,Sports Grill Bird Road,1,1,0,1,1,3.75,,0,1,Miami,,BW,1,1,0,0,1
Florida,FL,12,9/14/2020,1,1,No,Yes,"NABCA site has spirit based drink marked as yes if sealed, no for alcohol curbside",1,1,151,13,University of Central Florida,Buffalo Wild Wings,1,1,1,0,0,3,4.25,0,0,Orlando,,,0,0,0,0,1
Florida,FL,12,9/14/2020,1,1,No,Yes,"NABCA site has spirit based drink marked as yes if sealed, no for alcohol curbside",1,1,159,22,University of Florida,Salty Dog Saloon,,,,,,,,,,Gainesville,,,,,,0,1
Florida,FL,12,9/14/2020,1,1,No,Yes,"NABCA site has spirit based drink marked as yes if sealed, no for alcohol curbside",1,1,192,57,Florida International University,La Shangrila Karaoke,,,,,,,,,,Miami,,,,,,0,1
Florida,FL,12,9/14/2020,1,1,No,Yes,"NABCA site has spirit based drink marked as yes if sealed, no for alcohol curbside",1,1,292,13,University of Central Florida,The Public House,1,1,0,1,0,5,5.5,0,0,Orlando,,N/A,0,0,0,0,1
Florida,FL,12,9/14/2020,1,1,No,Yes,"NABCA site has spirit based drink marked as yes if sealed, no for alcohol curbside",1,1,299,22,University of Florida,Mother's Pub & Grill,1,1,0,1,1,3,2,0,0,Gainesville,beers,beers,1,0,0,0,1
Florida,FL,12,9/14/2020,1,1,No,Yes,"NABCA site has spirit based drink marked as yes if sealed, no for alcohol curbside",1,1,422,13,University of Central Florida,Bar Louie,,,,,,,,,,Orlando,,,,,,0,1
Florida,FL,12,9/14/2020,1,1,No,Yes,"NABCA site has spirit based drink marked as yes if sealed, no for alcohol curbside",1,1,462,57,Florida International University,Ritmo Café,,,,,,,,,,Miami,,,,,,0,1
Georgia,GA,13,8/3/2020,1,1,No,Yes,"NABCA maked as no on all, which is news to this Georgia resident",1,1,3,3,Georgia State University,Harold's Chicken & Ice Bar,0,0,0,1,0,4,5,0,0,Atlanta,,,0,0,0,0,1
Georgia,GA,13,8/3/2020,1,1,No,Yes,"NABCA maked as no on all, which is news to this Georgia resident",1,1,141,3,Georgia State University,Puff & Petals,,,,,,,,,,Atlanta,,,,,,0,1
Georgia,GA,13,8/3/2020,1,1,No,Yes,"NABCA maked as no on all, which is news to this Georgia resident",1,1,145,7,University of Georgia,Bar South,,,,,,,,,,Athens,,,,,,0,1
Georgia,GA,13,8/3/2020,1,1,No,Yes,"NABCA maked as no on all, which is news to this Georgia resident",1,1,206,71,Kennesaw State University,Kennesaw Billiards,0,1,0,1,0,,,1,1,Kennesaw,,N/A,0,0,0,0,1
Georgia,GA,13,8/3/2020,1,1,No,Yes,"NABCA maked as no on all, which is news to this Georgia resident",1,1,283,3,Georgia State University,WildPitch Underground,,,,,,,,,,Atlanta,,,,,,0,1
Georgia,GA,13,8/3/2020,1,1,No,Yes,"NABCA maked as no on all, which is news to this Georgia resident",1,1,286,7,University of Georgia,Walker Coffee Shop & Pub,1,1,1,0,0,3,4.5,1,1,Athens,,,0,0,0,0,1
Georgia,GA,13,8/3/2020,1,1,No,Yes,"NABCA maked as no on all, which is news to this Georgia resident",1,1,343,71,Kennesaw State University,The Lizzy Cantina,0,1,1,1,0,3,5,0,0,Kennesaw,,N/A,0,0,0,0,1
Georgia,GA,13,8/3/2020,1,1,No,Yes,"NABCA maked as no on all, which is news to this Georgia resident",1,1,412,3,Georgia State University,Soul Bar At Pals Lounge,,,,,,,,,,Atlanta,,,,,,0,1
Hawaii,HI,15,6/1/2020,1,1,Yes,Yes,,1,1,193,58,University of Hawaii at Hilo,Karma's Bar and Lounge,,,,,,,,,,Hilo,,,,,,1,1
Hawaii,HI,15,6/1/2020,1,1,Yes,Yes,,1,1,279,144,University of Hawaii at Manoa,GS Studios,,,,,,,,,,Honolulu,,,,,,1,1
Hawaii,HI,15,6/1/2020,1,1,Yes,Yes,,1,1,408,144,University of Hawaii at Manoa,Hard Rock Café,,,,,0,,,,,Honolulu,,N/A,0,0,0,1,1
Hawaii,HI,15,6/1/2020,1,1,Yes,Yes,,1,1,542,144,University of Hawaii at Manoa,Jazz Minds Honolulu,,,,,,,,,,Honolulu,,,,,,1,1
Idaho,ID,16,6/13/2020,1,1,Already Permitted,Already Permitted,,1,1,62,67,Idaho State University,Sandbagger's Bar & Grill,0,1,0,1,1,3,4.5,0,0,Pocatello,all drinks,all drinks,1,1,1,1,1
Idaho,ID,16,6/13/2020,1,1,Already Permitted,Already Permitted,,1,1,127,134,University of Idaho,Corner Club,0,1,0,0,1,2.75,2.75,0,0,Moscow,B,B,1,0,0,1,1
Idaho,ID,16,6/13/2020,1,1,Already Permitted,Already Permitted,,1,1,202,67,Idaho State University,Clydesdale Bar & Lounge,0,0,0,1,0,3.75,4,0,1,Pocatello,,,0,0,0,1,1
Idaho,ID,16,6/13/2020,1,1,Already Permitted,Already Permitted,,1,1,242,107,Boise State University,Press & Pony,1,1,1,,,,,0,0,Boise,,,,,,1,1
Idaho,ID,16,6/13/2020,1,1,Already Permitted,Already Permitted,,1,1,269,134,University of Idaho,Plantation Tavern,1,1,0,1,1,2.25,2.75,0,0,Moscow,MBW,MBW,1,1,1,1,1
Idaho,ID,16,6/13/2020,1,1,Already Permitted,Already Permitted,,1,1,339,67,Idaho State University,Charley's,0,1,0,0,0,2.5,3.5,0,1,Pocatello,,,0,0,0,1,1
Idaho,ID,16,6/13/2020,1,1,Already Permitted,Already Permitted,,1,1,377,107,Boise State University,Barbacoa Grill,0,0,0,0,1,7,7,0,0,Boise,M,M,0,0,1,1,1
Idaho,ID,16,6/13/2020,1,1,Already Permitted,Already Permitted,,1,1,398,134,University of Idaho,Applebee's,1,1,1,1,0,4.5,,0,0,Moscow,,N/A,0,0,0,1,1
Idaho,ID,16,6/13/2020,1,1,Already Permitted,Already Permitted,,1,1,470,67,Idaho State University,Center Street Clubhouse,0,0,0,1,0,3,4.5,0,0,Pocatello,,,0,0,0,1,1
Idaho,ID,16,6/13/2020,1,1,Already Permitted,Already Permitted,,1,1,510,107,Boise State University,The handlebar Boise,,,,,,,,,,Boise,,,,,,1,1
Idaho,ID,16,6/13/2020,1,1,Already Permitted,Already Permitted,,1,1,532,134,University of Idaho,Garden Lounge,,,,,,,,,,Moscow,,,,,,1,1
Illinois,IL,17,6/26/2020,1,1,Yes,Yes,,1,1,8,8,University of Illinois at Chicago,Output Tavern,1,1,1,0,0,5,5.5,0,0,Chicago,,N/A,0,0,0,1,1
Illinois,IL,17,6/26/2020,1,1,Yes,Yes,,1,1,27,28,University of Illinois at Urbana-Champaign,Hooters,,,,,,,,,,Champaign,,,,,,1,1
Illinois,IL,17,6/26/2020,1,1,Yes,Yes,,1,1,146,8,University of Illinois at Chicago,Del Toro,1,1,1,,,,,0,0,Chicago,,,,,,1,1
Illinois,IL,17,6/26/2020,1,1,Yes,Yes,,1,1,165,28,University of Illinois at Urbana-Champaign,Fat City Bar and Grill,,,,,,,,,,Urbana,,,,,,1,1
Illinois,IL,17,6/26/2020,1,1,Yes,Yes,,1,1,266,131,Illinois State University,Drifters,,,,,,,,,,Bloomington,,,,,,1,1
Illinois,IL,17,6/26/2020,1,1,Yes,Yes,,1,1,305,28,University of Illinois at Urbana-Champaign,Esquire Lounge Inc,1,1,1,0,0,2,3.75,0,0,Champaign,,,0,0,0,1,1
Illinois,IL,17,6/26/2020,1,1,Yes,Yes,,1,1,417,8,University of Illinois at Chicago,The CrossRoads Bar & Grill,1,1,1,0,1,6,7,0,0,Chicago,,BW,1,1,0,1,1
Illinois,IL,17,6/26/2020,1,1,Yes,Yes,,1,1,529,131,Illinois State University,Maggie's Miley's,1,1,1,1,0,3.5,4,0,0,Bloomington,,,0,0,0,1,1
Indiana,IN,18,6/12/2020,1,1,Yes,Yes,,1,1,6,6,Indiana University-Purdue University-Indianapolis,Stacked Pickle,,,,,,,,,,Indianapolis,,,,,,1,1
Indiana,IN,18,6/12/2020,1,1,Yes,Yes,,1,1,64,69,Indiana University-Bloomington,Lennie's and the Bloomington Brewing Co. Brewpub,,,,1,,5.75,7,0,0,Bloomington,,,,,,1,1
Indiana,IN,18,6/12/2020,1,1,Yes,Yes,,1,1,144,6,Indiana University-Purdue University-Indianapolis,St. Joseph Brewery,1,1,1,1,1,5,6,0,0,Indianapolis,b,b,1,0,0,1,1
Indiana,IN,18,6/12/2020,1,1,Yes,Yes,,1,1,162,25,Purdue University-Main Campus,Digby's Pub and Patio,1,1,0,1,0,4,4.5,0,0,Lafayette,,will sell cokctails in the future,0,0,0,1,1
Indiana,IN,18,6/12/2020,1,1,Yes,Yes,,1,1,204,69,Indiana University-Bloomington,The Back Door,,,,,,,,,,Bloomington,,,,,,1,1
Indiana,IN,18,6/12/2020,1,1,Yes,Yes,,1,1,285,6,Indiana University-Purdue University-Indianapolis,TGI Fridays,,,,,,,,,,Indianapolis,,,,,,1,1
Indiana,IN,18,6/12/2020,1,1,Yes,Yes,,1,1,302,25,Purdue University-Main Campus,Mom's Place Inc,,,,,,,,,,Lafayette,,,,,,1,1
Indiana,IN,18,6/12/2020,1,1,Yes,Yes,,1,1,415,6,Indiana University-Purdue University-Indianapolis,ICON Lounge,,,,,,,,,,Indianapolis,,,,,,1,1
Indiana,IN,18,6/12/2020,1,1,Yes,Yes,,1,1,432,25,Purdue University-Main Campus,Brother's Bar & Grill,1,1,1,1,0,4,3,0,0,West Lafayette,,n,0,0,0,1,1
Indiana,IN,18,6/12/2020,1,1,Yes,Yes,,1,1,472,69,Indiana University-Bloomington,The Bishop Bar,,,,,,,,,,Bloomington,,,,,,1,1
Iowa,IA,19,10/5/2020,1,1,Yes,Yes,,1,1,119,125,University of Iowa,Martini,,,,,,,,,,Iowa City,,,,,,1,1
Iowa,IA,19,10/5/2020,1,1,Yes,Yes,,1,1,221,86,University of Northern Iowa,Panther Lounge,0,1,0,1,1,3,3,0,0,Cedar Falls,,sealed to go drinks,,,,1,1
Iowa,IA,19,10/5/2020,1,1,Yes,Yes,,1,1,260,125,University of Iowa,Micky's Irish Pub,1,1,1,1,1,4,4,0,0,Iowa City,MBW,MBW,1,1,1,1,1
Iowa,IA,19,10/5/2020,1,1,Yes,Yes,,1,1,356,86,University of Northern Iowa,Octopus,0,1,1,1,1,1,2.5,0,1,Cedar Falls,,BW,1,1,0,1,1
Iowa,IA,19,10/5/2020,1,1,Yes,Yes,,1,1,357,86,University of Northern Iowa,Sharky's Fun House,,,,,,,,,,Cedar Falls,,,,,,1,1
Iowa,IA,19,10/5/2020,1,1,Yes,Yes,,1,1,444,37,Iowa State University,Blue Owl Bar,,,,,,,,,,Ames,,,,,,1,1
Iowa,IA,19,10/5/2020,1,1,Yes,Yes,,1,1,489,86,University of Northern Iowa,Little Bigs,,,,,,,,,,Cedar Falls,,,,,,1,1
Iowa,IA,19,10/5/2020,1,1,Yes,Yes,,1,1,524,125,University of Iowa,Quinton's Bar & Deli,1,1,0,1,1,4,4,0,1,Iowa City,mbw,mbw,1,1,1,1,1
Kansas,KS,20,6/8/2020,1,1,Yes,Yes,,1,1,31,32,University of Kansas,Bird Dog Bar at the Oread,1,1,0,1,0,3,4,0,0,Lawrence,,N/A,0,0,0,1,1
Kansas,KS,20,6/8/2020,1,1,Yes,Yes,,1,1,86,91,Wichita State University,Twin Peaks Wichita,0,0,0,1,0,3.5,3.99,0,0,Wichita,,,0,0,0,1,1
Kansas,KS,20,6/8/2020,1,1,Yes,Yes,,1,1,169,32,University of Kansas,The Cave,,,,,,,,,,Lawrence,,,,,,1,1
Kansas,KS,20,6/8/2020,1,1,Yes,Yes,,1,1,226,91,Wichita State University,Kirby's,,,,,,,,,,Wichita,,,,,,1,1
Kansas,KS,20,6/8/2020,1,1,Yes,Yes,,1,1,239,104,Kansas State University,Taco Lucha,0,0,0,1,0,2.75,3.5,0,0,Manhattan,,,0,0,0,1,1
Kansas,KS,20,6/8/2020,1,1,Yes,Yes,,1,1,362,91,Wichita State University,The Field House,1,1,0,1,0,2.25,3.75,0,0,Wichita,,N/A,0,0,0,1,1
Kansas,KS,20,6/8/2020,1,1,Yes,Yes,,1,1,439,32,University of Kansas,Harbour Lights,,,,,,,,,,Lawrence,,,,,,1,1
Kansas,KS,20,6/8/2020,1,1,Yes,Yes,,1,1,494,91,Wichita State University,The Anchor,1,1,1,1,1,4.89,4,0,0,Wichita,MBW,MBW,1,1,1,1,1
Kentucky,KY,21,8/11/2020,1,1,Yes,Yes,,1,1,1,1,University of Louisville,The Granville Inn,1,1,1,1,0,4,4.5,0,0,Louisville,,,0,0,0,1,1
Kentucky,KY,21,8/11/2020,1,1,Yes,Yes,,1,1,139,1,University of Louisville,Vis a Vis Bar & Grill,,,,,,,,,,Louisville,,,,,,1,1
Kentucky,KY,21,8/11/2020,1,1,Yes,Yes,,1,1,201,66,University of Kentucky,Wild Cat Saloon,1,1,,1,0,,5,0,0,Lexington,,N/A,0,0,0,1,1
Kentucky,KY,21,8/11/2020,1,1,Yes,Yes,,1,1,333,60,Western Kentucky University,Lost River Pizza,0,1,1,1,1,2.9,4.5,0,0,Bowling Green,mbw,mbw,1,1,1,1,1
Kentucky,KY,21,8/11/2020,1,1,Yes,Yes,,1,1,338,66,University of Kentucky,West Sixth Greenroom,,,,,,,,,,Lexington,,,,,,1,1
Kentucky,KY,21,8/11/2020,1,1,Yes,Yes,,1,1,410,1,University of Louisville,Magnolia Bar,,,,,,,,,,Louisville,,,,,,1,1
Kentucky,KY,21,8/11/2020,1,1,Yes,Yes,,1,1,464,60,Western Kentucky University,Dublin's Irish Pub,,,,,,,,,,Bowling Green,,,,,,1,1
Kentucky,KY,21,8/11/2020,1,1,Yes,Yes,,1,1,469,66,University of Kentucky,Ole Hooker's,,,,,,,,,,Lexington,,,,,,1,1
Louisiana,LA,22,9/11/2020,1,1,Yes,Yes,,1,1,46,48,Louisiana State University,The Bleacher's Sports Bar & Grill,,,,,,,,,,Baton Rouge,,,,,,1,1
Louisiana,LA,22,9/11/2020,1,1,Yes,Yes,,1,1,184,48,Louisiana State University,French Quarter Daiquiris,,,,,,,,,,Baton Rouge,,,,,,1,1
Louisiana,LA,22,9/11/2020,1,1,Yes,Yes,,1,1,190,55,Southeastern Louisiana University,Benny's Place,,,,,,,,,,Hammond,,,,,,1,1
Louisiana,LA,22,9/11/2020,1,1,Yes,Yes,,1,1,329,55,Southeastern Louisiana University,Red White & Brew,0,1,,0,1,,,,,Hammond,,BW,1,1,0,1,1
Louisiana,LA,22,9/11/2020,1,1,Yes,Yes,,1,1,421,12,University of Louisiana at Lafayette,Prime,,,,,,,,,,Lafayette,,,,,,1,1
Louisiana,LA,22,9/11/2020,1,1,Yes,Yes,,1,1,460,55,Southeastern Louisiana University,Mariner's Inn,1,1,0,1,1,2.75,6.75,0,0,Hammond,all drinks,all drinks,1,1,1,1,1
Maine,ME,23,6/17/2020,1,1,Yes,Yes,,1,1,76,81,University of Southern Maine,Bonfire Country Bar Portland,,,,,,,,,,Portland,,,,,,1,1
Maine,ME,23,6/17/2020,1,1,Yes,Yes,,1,1,79,84,University of Maine,Woodman's Bar & Grill,1,1,1,1,1,6,7,0,0,Orono,,MW,0,1,1,1,1
Maine,ME,23,6/17/2020,1,1,Yes,Yes,,1,1,113,119,University of Maine at Farmington,Dugout Bar & Grill,1,1,0,1,0,3.5,4,0,0,Farmington,,,0,0,0,1,1
Maine,ME,23,6/17/2020,1,1,Yes,Yes,,1,1,219,84,University of Maine,Roost,,,,,,,,,,Orono,,,,,,1,1
Maine,ME,23,6/17/2020,1,1,Yes,Yes,,1,1,254,119,University of Maine at Farmington,The Roost,,,,,,,,,,Farmington,,,,,,1,1
Maine,ME,23,6/17/2020,1,1,Yes,Yes,,1,1,353,81,University of Southern Maine,Matthew's,,,,,,,,,,Portland,,,,,,1,1
Maine,ME,23,6/17/2020,1,1,Yes,Yes,,1,1,487,84,University of Maine,Margaritas Mexican Restaurant,1,1,1,1,1,2.5,6,0,0,Orono,,MB,1,0,1,1,1
Maryland,MD,24,6/12/2020,1,1,Yes,Yes,,1,1,65,70,University of Maryland- Baltimore County,Fish Head Cantina,1,1,1,1,0,4.25,6.54,0,0,Halethorpe,,N/A,0,0,0,1,1
Maryland,MD,24,6/12/2020,1,1,Yes,Yes,,1,1,96,101,University of Maryland - College Park,Town Hall Liquor & Bar,1,1,1,1,1,3.75,3.75,0,0,College Park,MBW,MBW,1,1,1,1,1
Maryland,MD,24,6/12/2020,1,1,Yes,Yes,,1,1,205,70,University of Maryland- Baltimore County,Coolahan's Pub,1,1,1,1,1,2,3.5,0,0,Halethorpe,,BW,1,1,0,1,1
Maryland,MD,24,6/12/2020,1,1,Yes,Yes,,1,1,236,101,University of Maryland - College Park,AMF College Park Lane,,,,,,,,,,College Park,,,,,,1,1
Maryland,MD,24,6/12/2020,1,1,Yes,Yes,,1,1,244,109,Towson University,Naco Mama's Towson,1,1,0,1,1,2,4,0,0,Towson,,margaritas and crushes,0,0,1,1,1
Maryland,MD,24,6/12/2020,1,1,Yes,Yes,,1,1,342,70,University of Maryland- Baltimore County,Jennings Café,1,1,1,1,1,3.75,3.5,0,0,Catonsville,mbw,mbw,1,1,1,1,1
Maryland,MD,24,6/12/2020,1,1,Yes,Yes,,1,1,473,70,University of Maryland- Baltimore County,Morsbergers Tavern LLC,1,1,0,0,1,4,4.75,0,0,Catonsville,b; canned beer to-go,b; canned beer to-go,1,0,0,1,1
Maryland,MD,24,6/12/2020,1,1,Yes,Yes,,1,1,504,101,University of Maryland - College Park,Cornerstone Grill & Loft,1,1,1,0,1,3.5,3.5,0,,College Park,MBW,MBW,1,1,1,1,1
Maryland,MD,24,6/12/2020,1,1,Yes,Yes,,1,1,511,109,Towson University,Lil Dicky's,,,,,,,,,,Towson,,,,,,1,1
Massachusetts,MA,25,8/11/2020,1,1,Yes,Yes,,1,1,26,27,University of Massachusetts-Amherst,Murphy's Uptown Tavern,,,,,,,,,,Amherst,,,,,,1,1
Massachusetts,MA,25,8/11/2020,1,1,Yes,Yes,,1,1,110,116,University of Massachusetts-Lowell,"Garcia Brogan's Cantina, Pub,",,,,,,,,,,Lowell,,,,,,1,1
Massachusetts,MA,25,8/11/2020,1,1,Yes,Yes,,1,1,164,27,University of Massachusetts-Amherst,Hangar Pub and Grill,1,1,0,0,,,,,,Amherst,,,,,,1,1
Massachusetts,MA,25,8/11/2020,1,1,Yes,Yes,,1,1,304,27,University of Massachusetts-Amherst,Spoke,,,,,,,,,,Amherst,,,,,,1,1
Massachusetts,MA,25,8/11/2020,1,1,Yes,Yes,,1,1,385,116,University of Massachusetts-Lowell,Buck's Bar & Grill Ltd,0,0,0,,,,,,,Lowell,,,,,,1,1
Massachusetts,MA,25,8/11/2020,1,1,Yes,Yes,,1,1,434,27,University of Massachusetts-Amherst,Old Town Tavern,,,,,,,,,,Amherst,,,,,,1,1
Massachusetts,MA,25,8/11/2020,1,1,Yes,Yes,,1,1,518,116,University of Massachusetts-Lowell,Worthen House,1,1,0,0,0,3,5,0,0,Lowell,,N/A,0,0,0,1,1
Michigan,MI,26,7/31/2020,1,1,Already Permitted,Already Permitted,,1,1,9,9,Wayne State University,Jolly Pumpkin Pizzeria & Brewery,1,1,1,0,1,6.5,8.5,0,0,Detroit,B,B,1,0,0,1,1
Michigan,MI,26,7/31/2020,1,1,Already Permitted,Already Permitted,,1,1,90,95,University of Michigan-Ann Arbor,HopCat,1,1,0,1,1,3,5,0,0,Ann Arbor,beer,beer,1,0,0,1,1
Michigan,MI,26,7/31/2020,1,1,Already Permitted,Already Permitted,,1,1,147,9,Wayne State University,Bad Luck Bar,,,,,,,,,,Detroit,,,,,,1,1
Michigan,MI,26,7/31/2020,1,1,Already Permitted,Already Permitted,,1,1,229,94,Michigan State University,Dublin Square,1,1,1,1,0,4.5,4,0,1,East Lansing,,N/A,0,0,0,1,1
Michigan,MI,26,7/31/2020,1,1,Already Permitted,Already Permitted,,1,1,230,95,University of Michigan-Ann Arbor,The Original Cottage Inn,1,1,1,1,0,4,4,0,0,Ann Arbor,,,0,0,0,1,1
Michigan,MI,26,7/31/2020,1,1,Already Permitted,Already Permitted,,1,1,288,9,Wayne State University,Z's Villa,1,1,1,1,0,2.95,7.5,0,0,Detroit,,,0,0,0,1,1
Michigan,MI,26,7/31/2020,1,1,Already Permitted,Already Permitted,,1,1,418,9,Wayne State University,Temple Bar,1,1,1,0,0,6,3.5,,,Detroit,,,0,0,0,1,1
Michigan,MI,26,7/31/2020,1,1,Already Permitted,Already Permitted,,1,1,497,94,Michigan State University,Mac's Bar,,,,,,,,,,East Lansing,,,,,,1,1
Michigan,MI,26,7/31/2020,1,1,Already Permitted,Already Permitted,,1,1,498,95,University of Michigan-Ann Arbor,Red Hawk Bar & Grill,1,1,0,1,1,4.2,6,0,0,Ann Arbor,bottles of wine and beer only,bottles of wine and beer only,1,1,0,1,1
Minnesota,MN,27,6/10/2020,1,0,Yes,Yes,"sources disagree, news articles from MN indicate a temp order was in place for wine and beer but not spirits at the time of our calls",1,1,60,64,University of Minnesota-Twin Cities,Stem Minneapolis,,,,,,,,,,Minneapolis,,,,,,1,1
Minnesota,MN,27,6/10/2020,1,0,Yes,Yes,"sources disagree, news articles from MN indicate a temp order was in place for wine and beer but not spirits at the time of our calls",1,1,133,140,Minnesota State University-Mankato,NaKato Bar & Grill,1,1,1,1,1,3,3.5,0,0,Mankato,,BW,1,1,0,1,1
Minnesota,MN,27,6/10/2020,1,0,Yes,Yes,"sources disagree, news articles from MN indicate a temp order was in place for wine and beer but not spirits at the time of our calls",1,1,275,140,Minnesota State University-Mankato,New Bohemia - Mankato,,,,,,,,,,Mankato,,,,,,1,1
Minnesota,MN,27,6/10/2020,1,0,Yes,Yes,"sources disagree, news articles from MN indicate a temp order was in place for wine and beer but not spirits at the time of our calls",1,1,404,140,Minnesota State University-Mankato,Bradley's on Stadium,,,,,,,,,,Mankato,,,,,,1,1
Minnesota,MN,27,6/10/2020,1,0,Yes,Yes,"sources disagree, news articles from MN indicate a temp order was in place for wine and beer but not spirits at the time of our calls",1,1,468,64,University of Minnesota-Twin Cities,The Pourhouse Dinkytown,1,1,0,1,0,3.5,4,0,0,Minneapolis,,,0,0,0,1,1
Minnesota,MN,27,6/10/2020,1,0,Yes,Yes,"sources disagree, news articles from MN indicate a temp order was in place for wine and beer but not spirits at the time of our calls",1,1,515,113,Saint Cloud State University,D.B. Searle,,,,,,,,,,St. Cloud,,,,,,1,1
Minnesota,MN,27,6/10/2020,1,0,Yes,Yes,"sources disagree, news articles from MN indicate a temp order was in place for wine and beer but not spirits at the time of our calls",1,1,538,140,Minnesota State University-Mankato,Spinners Bar,1,1,0,1,0,3.5,3.75,0,0,Mankato,,N/A,0,0,0,1,1
Mississippi,MS,28,7/24/2020,1,0,Yes,Yes,"This one is messy, best I can tell wine was temp legal for togo with a food order, but that was rescinded in Dec 2020 (after our call time)",1,1,28,29,University of Mississippi,The Coop,,,,,,,,,,Oxford,,,,,,1,1
Mississippi,MS,28,7/24/2020,1,0,Yes,Yes,"This one is messy, best I can tell wine was temp legal for togo with a food order, but that was rescinded in Dec 2020 (after our call time)",1,1,57,61,Mississippi State University,Moe's Original BBQ,1,1,1,1,1,4,4,0,0,Starkville,MBW,MBW,1,1,1,1,1
Mississippi,MS,28,7/24/2020,1,0,Yes,Yes,"This one is messy, best I can tell wine was temp legal for togo with a food order, but that was rescinded in Dec 2020 (after our call time)",1,1,166,29,University of Mississippi,The Blind Pig Pub,1,1,0,1,0,3,5,0,0,Oxford,,,0,0,0,1,1
Mississippi,MS,28,7/24/2020,1,0,Yes,Yes,"This one is messy, best I can tell wine was temp legal for togo with a food order, but that was rescinded in Dec 2020 (after our call time)",1,1,196,61,Mississippi State University,Rick's Café,1,1,0,1,0,2.75,3.5,0,0,Starkville,,,0,0,0,1,1
Mississippi,MS,28,7/24/2020,1,0,Yes,Yes,"This one is messy, best I can tell wine was temp legal for togo with a food order, but that was rescinded in Dec 2020 (after our call time)",1,1,249,114,University of Southern Mississippi,Nick's Ice House,,,,,,,,,,Hattiesburg,,,,,,1,1
Mississippi,MS,28,7/24/2020,1,0,Yes,Yes,"This one is messy, best I can tell wine was temp legal for togo with a food order, but that was rescinded in Dec 2020 (after our call time)",1,1,306,29,University of Mississippi,Round Table on the Square,,,,,,,,,,Oxford,,,,,,1,1
Mississippi,MS,28,7/24/2020,1,0,Yes,Yes,"This one is messy, best I can tell wine was temp legal for togo with a food order, but that was rescinded in Dec 2020 (after our call time)",1,1,334,61,Mississippi State University,Hobie's on Main,,,,,,,,,,Starkville,,,,,,1,1
Mississippi,MS,28,7/24/2020,1,0,Yes,Yes,"This one is messy, best I can tell wine was temp legal for togo with a food order, but that was rescinded in Dec 2020 (after our call time)",1,1,436,29,University of Mississippi,Rooster's Blues House,,,,,,,,,,Oxford,,,,,,1,1
Mississippi,MS,28,7/24/2020,1,0,Yes,Yes,"This one is messy, best I can tell wine was temp legal for togo with a food order, but that was rescinded in Dec 2020 (after our call time)",1,1,516,114,University of Southern Mississippi,Buffalo Wild Wings,0,0,1,1,0,3,3,0,0,Hattiesburg,,N/A,0,0,0,1,1
Missouri,MO,29,5/4/2020,1,1,Already Permitted,Already Permitted,,1,1,80,85,University of Missouri-St Louis,The Blockhouse Saloon,,,,,,,,,,St. Louis,,,,,,1,1
Missouri,MO,29,5/4/2020,1,1,Already Permitted,Already Permitted,,1,1,84,89,Missouri State University-Springfield,Martha's Vineyard,1,1,1,1,0,2,4,0,0,Springfield,,,0,0,0,1,1
Missouri,MO,29,5/4/2020,1,1,Already Permitted,Already Permitted,,1,1,220,85,University of Missouri-St Louis,Whalen's Bar & Restaurant,1,1,0,1,0,3,4,0,0,St. Louis,,,0,0,0,1,1
Missouri,MO,29,5/4/2020,1,1,Already Permitted,Already Permitted,,1,1,224,89,Missouri State University-Springfield,Dugout Bar,0,0,1,1,0,3,3,0,0,Springfield,,N/A,0,0,0,1,1
Missouri,MO,29,5/4/2020,1,1,Already Permitted,Already Permitted,,1,1,360,89,Missouri State University-Springfield,Mix Ultralounge,1,1,0,0,0,,,0,0,Springfield,,,0,0,0,1,1
Missouri,MO,29,5/4/2020,1,1,Already Permitted,Already Permitted,,1,1,488,85,University of Missouri-St Louis,Lowes Entertainment,,,,,,,,,,St. Louis,,,,,,1,1
Missouri,MO,29,5/4/2020,1,1,Already Permitted,Already Permitted,,1,1,492,89,Missouri State University-Springfield,Scotch & Soda,,,,,,,,,,Springfield,,,,,,1,1
Missouri,MO,29,5/4/2020,1,1,Already Permitted,Already Permitted,,1,1,508,105,University of Missouri-Columbia,AMF Town & Country Lane,1,1,1,1,0,4,5,0,0,Columbia,,,0,0,0,1,1
Montana,MT,30,5/4/2020,1,1,Yes,Yes,,1,1,48,50,The University of Montana,Bodega,,,,,,,,,,Missoula,,,,,,1,1
Montana,MT,30,5/4/2020,1,1,Yes,Yes,,1,1,104,110,Montana State University-Billings,The Loft Dance Club,1,1,0,0,0,5,4.5,0,0,Billings,,,0,0,0,1,1
Montana,MT,30,5/4/2020,1,1,Yes,Yes,,1,1,186,50,The University of Montana,The Old Post,,,,,,,,,,Missoula,,,,,,1,1
Montana,MT,30,5/4/2020,1,1,Yes,Yes,,1,1,217,82,Montana State University,Mixers Club,,,,,,,,,,Bozeman,,,,,,1,1
Montana,MT,30,5/4/2020,1,1,Yes,Yes,,1,1,245,110,Montana State University-Billings,Rainbow Bar,1,1,1,0,0,3.5,3.5,0,0,Billings,,,0,0,0,1,1
Montana,MT,30,5/4/2020,1,1,Yes,Yes,,1,1,325,50,The University of Montana,Missoula Club,1,1,1,0,1,2.75,3,0,0,Missoula,,,,,,1,1
Montana,MT,30,5/4/2020,1,1,Yes,Yes,,1,1,354,82,Montana State University,Fatt Boy's Bar and Grill,,,,,,,,,,Bozeman,,,,,,1,1
Montana,MT,30,5/4/2020,1,1,Yes,Yes,,1,1,456,50,The University of Montana,Press Box Sports Bar,1,1,1,0,1,5.5,6,0,0,Missoula,liquor,liquor,0,0,1,1,1
Montana,MT,30,5/4/2020,1,1,Yes,Yes,,1,1,471,68,Northern Arizona University,Spectators Bar & Grill,1,1,1,1,1,4,3.5,0,0,Bozeman,MBW,MBW,1,1,1,1,1
Montana,MT,30,5/4/2020,1,1,Yes,Yes,,1,1,485,82,Montana State University,Pub 317,1,1,1,1,0,3.5,4.5,0,0,Bozeman,,,0,0,0,1,1
Montana,MT,30,5/4/2020,1,1,Yes,Yes,,1,1,512,110,Montana State University-Billings,Holligan's FC Sport Bar,0,1,1,1,1,3.5,4,0,0,Billings,MBW,MBW,1,1,1,1,1
Nebraska,NE,31,7/6/2020,1,1,Yes,Yes,,1,1,112,118,University of Nebraska-Lincoln,N-Zone,1,1,1,1,1,3.25,4.5,0,0,Lincoln,B,B,1,0,0,1,1
Nebraska,NE,31,7/6/2020,1,1,Yes,Yes,,1,1,126,133,University of Nebraska at Kearney,Fanatics Sports Bar,0,0,0,0,1,3.75,4,0,0,Kearney,MBW,MBW,1,1,1,1,1
Nebraska,NE,31,7/6/2020,1,1,Yes,Yes,,1,1,225,90,University of Nebraska at Omaha,DJ's Dugout Sports Bar- Miracle Hills,1,1,0,1,1,6.5,8,0,0,Omaha,b,b,1,0,0,1,1
Nebraska,NE,31,7/6/2020,1,1,Yes,Yes,,1,1,253,118,University of Nebraska-Lincoln,Marz,,,,,,,,,,Lincoln,,,,,,1,1
Nebraska,NE,31,7/6/2020,1,1,Yes,Yes,,1,1,268,133,University of Nebraska at Kearney,Cunninghams Journal,0,0,0,0,1,4,3.75,0,0,Kearney,M,M,0,0,1,1,1
Nebraska,NE,31,7/6/2020,1,1,Yes,Yes,,1,1,361,90,University of Nebraska at Omaha,Barrett's Barleycorn Pub & Grill,1,1,0,1,0,3.5,5,0,0,Omaha,,bwm,1,1,1,1,1
Nebraska,NE,31,7/6/2020,1,1,Yes,Yes,,1,1,397,133,University of Nebraska at Kearney,JD's,,,,,,,,,,Kearney,,,,,,1,1
Nebraska,NE,31,7/6/2020,1,1,Yes,Yes,,1,1,493,90,University of Nebraska at Omaha,Fox & Hound,,,,,,,,,,Omaha,,,,,,1,1
Nebraska,NE,31,7/6/2020,1,1,Yes,Yes,,1,1,519,118,University of Nebraska-Lincoln,McKinney's Irish Pub,1,1,0,1,1,3,3,0,0,Lincoln,B,B,1,0,0,1,1
Nebraska,NE,31,7/6/2020,1,1,Yes,Yes,,1,1,531,133,University of Nebraska at Kearney,Copperfields Bar,0,0,0,1,1,2.75,3,0,1,Kearney,B,B,1,0,0,1,1
Nevada,NV,32,7/10/2020,1,1,Varies by Locality,Varies by Locality,,1,1,22,23,University of Nevada- Las Vegas,The Garage,1,1,0,1,0,3.5,4,0,0,Las Vegas,,N/A,0,0,0,1,1
Nevada,NV,32,7/10/2020,1,1,Varies by Locality,Varies by Locality,,1,1,43,45,University of Nevada-Reno,1864 Tavern,1,1,0,1,0,,,0,0,Reno,,,0,0,0,1,1
Nevada,NV,32,7/10/2020,1,1,Varies by Locality,Varies by Locality,,1,1,68,73,Great Basin College,Desert Rose Gentlemen's Club and Legal Brothel,1,1,0,0,0,4.5,6,0,0,Elko,,,0,0,0,1,1
Nevada,NV,32,7/10/2020,1,1,Varies by Locality,Varies by Locality,,1,1,160,23,University of Nevada- Las Vegas,Ferraro's Italian Restaurant & Wine,1,1,1,1,0,5,10,0,0,Las Vegas,,N/A,0,0,0,1,1
Nevada,NV,32,7/10/2020,1,1,Varies by Locality,Varies by Locality,,1,1,181,45,University of Nevada-Reno,Shooters Saloon,,,,,,,,,,Reno,,,,,,1,1
Nevada,NV,32,7/10/2020,1,1,Varies by Locality,Varies by Locality,,1,1,208,73,Great Basin College,Silver Dollar Club,,,,,,,,,,Elko,,,,,,1,1
Nevada,NV,32,7/10/2020,1,1,Varies by Locality,Varies by Locality,,1,1,300,23,University of Nevada- Las Vegas,Dispensary Lounge,1,1,1,0,0,3.5,7,1,1,Las Vegas,,,0,0,0,1,1
Nevada,NV,32,7/10/2020,1,1,Varies by Locality,Varies by Locality,,1,1,345,73,Great Basin College,Duncan Littlecreek Gallery,1,1,1,0,1,4.5,5.5,0,0,Elko,MBW,MBW,1,1,1,1,1
Nevada,NV,32,7/10/2020,1,1,Varies by Locality,Varies by Locality,,1,1,430,23,University of Nevada- Las Vegas,Stake Out,1,1,1,1,0,4,,1,1,Las Vegas,,,0,0,0,1,1
Nevada,NV,32,7/10/2020,1,1,Varies by Locality,Varies by Locality,,1,1,451,45,University of Nevada-Reno,Doc Holidays,1,1,0,1,0,3,5,0,0,Reno,,N/A,0,0,0,1,1
Nevada,NV,32,7/10/2020,1,1,Varies by Locality,Varies by Locality,,1,1,476,73,Great Basin College,Tiki Hut,1,1,1,1,0,2.75,4,1,1,Elko,,,0,0,0,1,1
New Hampshire,NH,33,8/21/2020,1,0,Yes,Yes,"NABCA site says yes for alc curbside, no to spirits, News articles agree with NABCA",1,1,183,47,Keene State College,Margaritas,1,1,1,1,0,2,5,0,0,Keene,,,0,0,0,1,1
New Hampshire,NH,33,8/21/2020,1,0,Yes,Yes,"NABCA site says yes for alc curbside, no to spirits, News articles agree with NABCA",1,1,264,129,Plymouth State University,Lucky Dog Tavern & Grill,1,1,1,1,1,2.5,5.5,0,0,Plymouth,B,B,1,0,0,1,1
New Hampshire,NH,33,8/21/2020,1,0,Yes,Yes,"NABCA site says yes for alc curbside, no to spirits, News articles agree with NABCA",1,1,294,16,University of New Hampshire-Main Campus,Libby's Bar & Grill,1,1,1,0,0,4,5,0,0,Durham,,N/A,0,0,0,1,1
New Hampshire,NH,33,8/21/2020,1,0,Yes,Yes,"NABCA site says yes for alc curbside, no to spirits, News articles agree with NABCA",1,1,322,47,Keene State College,Cobblestone Ale House,,,,,,,,,,Keene,,,,,,1,1
New Hampshire,NH,33,8/21/2020,1,0,Yes,Yes,"NABCA site says yes for alc curbside, no to spirits, News articles agree with NABCA",1,1,424,16,University of New Hampshire-Main Campus,The Knot Irish Pub,,,,,,,,,,Durham,,,,,,1,1
New Hampshire,NH,33,8/21/2020,1,0,Yes,Yes,"NABCA site says yes for alc curbside, no to spirits, News articles agree with NABCA",1,1,453,47,Keene State College,Kilkenny Pub,,,,,,,,,,Keene,,,,,,1,1
New Jersey,NJ,34,9/4/2020,1,1,Yes,Yes,,1,1,73,78,Rowan University,Caesar's Lounge & Liquor,1,1,,1,1,,,,,Glassboro,MBW (liquor store),MBW (liquor store),1,1,1,1,1
New Jersey,NJ,34,9/4/2020,1,1,Yes,Yes,,1,1,101,106,Montclair State University,Public House 46,1,1,1,0,0,3.5,4,0,1,Clifton,,N/A,0,0,0,1,1
New Jersey,NJ,34,9/4/2020,1,1,Yes,Yes,,1,1,213,78,Rowan University,Chickie's & Pete's,1,1,1,0,1,2.75,4,0,0,Glassboro,MBW,MBW,1,1,1,1,1
New Jersey,NJ,34,9/4/2020,1,1,Yes,Yes,,1,1,447,41,Rutgers University-New Brunswick,Christopher's,,,,,,,,,,New Brunswick,,,,,,1,1
New Jersey,NJ,34,9/4/2020,1,1,Yes,Yes,,1,1,481,78,Rowan University,Landmark Americana-Glassboro,1,1,1,0,0,,,0,0,Glassboro,,,0,0,0,1,1
New Jersey,NJ,34,9/4/2020,1,1,Yes,Yes,,1,1,509,106,Montclair State University,Alexus Steakhouse & Tavern,1,1,,,1,,,1,1,Clifton,MBW,MBW,1,1,1,1,1
New Mexico,NM,35,8/28/2020,0,0,For Food Only,For Food Only,"NABCA site has spirits marked no, food required refers to pick up of non-spirit alcohol, news articles agree with APIS",0,0,83,88,University of New Mexico-Main Campus,Carraro's & Joe's Place,,,,,,,,,,Albuquerque,,,,,,0,0
New Mexico,NM,35,8/28/2020,0,0,For Food Only,For Food Only,"NABCA site has spirits marked no, food required refers to pick up of non-spirit alcohol, news articles agree with APIS",0,0,153,15,Eastern New Mexico University-Main Campus,Dawg House,,,,,,,,,,Portales,,,,,,0,0
New Mexico,NM,35,8/28/2020,0,0,For Food Only,For Food Only,"NABCA site has spirits marked no, food required refers to pick up of non-spirit alcohol, news articles agree with APIS",0,0,223,88,University of New Mexico-Main Campus,Posh Nightculb,,,,,,,,,,Albuquerque,,,,,,0,0
New Mexico,NM,35,8/28/2020,0,0,For Food Only,For Food Only,"NABCA site has spirits marked no, food required refers to pick up of non-spirit alcohol, news articles agree with APIS",0,0,261,126,New Mexico State University-Main Campus,El Patio Bar,,,,,,,,,,Las Cruces,,,,,,0,0
New Mexico,NM,35,8/28/2020,0,0,For Food Only,For Food Only,"NABCA site has spirits marked no, food required refers to pick up of non-spirit alcohol, news articles agree with APIS",0,0,359,88,University of New Mexico-Main Campus,Albuquerque Press Club,,,,,,,,,,Albuquerque,,,,,,0,0
New Mexico,NM,35,8/28/2020,0,0,For Food Only,For Food Only,"NABCA site has spirits marked no, food required refers to pick up of non-spirit alcohol, news articles agree with APIS",0,0,392,126,New Mexico State University-Main Campus,Halo's,,,,,,,,,,Las Cruces,,,,,,0,0
New Mexico,NM,35,8/28/2020,0,0,For Food Only,For Food Only,"NABCA site has spirits marked no, food required refers to pick up of non-spirit alcohol, news articles agree with APIS",0,0,491,88,University of New Mexico-Main Campus,Brickyard Pizza,1,1,0,1,0,3,6,0,0,Albuquerque,,N/A,0,0,0,0,0
New Mexico,NM,35,8/28/2020,0,0,For Food Only,For Food Only,"NABCA site has spirits marked no, food required refers to pick up of non-spirit alcohol, news articles agree with APIS",0,0,525,126,New Mexico State University-Main Campus,Lava Rock Lounge,,,,,,,,,,Las Cruces,,,,,,0,0
New York,NY,36,7/17/2020,1,1,Yes,Yes,,1,1,123,130,Stony Brook University,The Bench,1,1,1,1,0,12,7,0,0,Stony Brook,,,0,0,0,1,1
New York,NY,36,7/17/2020,1,1,Yes,Yes,,1,1,182,46,University at Buffalo-NY,Average Joe's,,,,,,,,,,Buffalo,,,,,,1,1
New York,NY,36,7/17/2020,1,1,Yes,Yes,,1,1,188,53,CUNY Hunter College,Luke's Bar & Grill,1,1,0,0,1,5,9,0,0,New York,,cocktails,0,0,1,1,1
New York,NY,36,7/17/2020,1,1,Yes,Yes,,1,1,265,130,Stony Brook University,Country Corner,1,1,1,1,0,6,4,0,0,Stony Brook,,N/A,0,0,0,1,1
New York,NY,36,7/17/2020,1,1,Yes,Yes,,1,1,321,46,University at Buffalo- NY,Westfield's,,,,,,,,,,Buffalo,,,,,,1,1
New York,NY,36,7/17/2020,1,1,Yes,Yes,,1,1,458,53,CUNY Hunter College,Russian Vodka Room,1,1,1,1,1,9,9,0,0,New York,MBW,MBW,1,1,1,1,1
New York,NY,36,7/17/2020,1,1,Yes,Yes,,1,1,528,130,Stony Brook University,Velvet Lounge,,,,,,,,,,Stony Brook,,,,,,1,1
North Carolina,NC,37,7/31/2020,1,1,Yes,Yes,,1,1,40,42,North Carolina State University at Raleigh,C.Grace,,,,,,,,,,Raleigh,,,,,,1,1
North Carolina,NC,37,7/31/2020,1,1,Yes,Yes,,1,1,58,62,University of North Carolina at Chapel Hill,Back bar,,,,,,,,,,Chapel Hill,,,,,,1,1
North Carolina,NC,37,7/31/2020,1,1,Yes,Yes,,1,1,178,42,North Carolina State University at Raleigh,Hibernian Pub,1,1,0,1,0,3.5,4,0,0,Raleigh,,N/A,0,0,0,1,1
North Carolina,NC,37,7/31/2020,1,1,Yes,Yes,,1,1,197,62,University of North Carolina at Chapel Hill,Linda's Bar & Grill,,,,,,,,,,Chapel Hill,,,,,,1,1
North Carolina,NC,37,7/31/2020,1,1,Yes,Yes,,1,1,277,142,East Carolina University,Winlsow's Tavern,1,1,1,1,1,4.5,6,0,0,Greenville,,bw; unopend bw from the shop in the back,1,1,0,1,1
North Carolina,NC,37,7/31/2020,1,1,Yes,Yes,,1,1,317,42,North Carolina State University at Raleigh,Sammy's Tap & Grill,1,1,1,1,0,2.5,4,0,0,Raleigh,,,0,0,0,1,1
North Carolina,NC,37,7/31/2020,1,1,Yes,Yes,,1,1,406,142,East Carolina University,Carolina Ale House,1,1,1,0,0,,,0,1,Greenville,,N/A,0,0,0,1,1
North Carolina,NC,37,7/31/2020,1,1,Yes,Yes,,1,1,448,42,North Carolina State University at Raleigh,Flex,1,1,0,1,0,4,4.75,0,0,Raleigh,,,0,0,0,1,1
North Dakota,ND,38,9/3/2020,0,0,Already Permitted,Already Permitted,Wine and beer seem to have always been permitted but not liquor,1,1,11,11,North Dakota State University-Main Campus,Buffalo Wild Wings,0,1,1,1,0,5,3,0,0,Fargo,,N/A,0,0,0,1,1
North Dakota,ND,38,9/3/2020,0,0,Already Permitted,Already Permitted,Wine and beer seem to have always been permitted but not liquor,1,1,97,102,University of North Dakota,Crooked Pint & Ale House,0,0,1,1,0,3.5,4.5,0,0,Grand Forks,,,0,0,0,1,1
North Dakota,ND,38,9/3/2020,0,0,Already Permitted,Already Permitted,Wine and beer seem to have always been permitted but not liquor,1,1,149,11,North Dakota State University-Main Campus,Applebee's Neighborhood Grill & Bar,1,1,1,1,0,4.79,4.99,0,0,Fargo,,,0,0,0,1,1
North Dakota,ND,38,9/3/2020,0,0,Already Permitted,Already Permitted,Wine and beer seem to have always been permitted but not liquor,1,1,243,108,Bismarck State College,Stadium Sports Bar,,,,,,,,,,Bismarck,,,,,,1,1
North Dakota,ND,38,9/3/2020,0,0,Already Permitted,Already Permitted,Wine and beer seem to have always been permitted but not liquor,1,1,373,102,University of North Dakota,Bonzer's Sandwich Pub,0,0,,1,1,4,3.5,0,0,Grand Forks,"mixed, bottles of beer/wine","mixed, bottles of beer/wine",1,1,1,1,1
North Dakota,ND,38,9/3/2020,0,0,Already Permitted,Already Permitted,Wine and beer seem to have always been permitted but not liquor,1,1,420,11,North Dakota State University-Main Campus,Sidestreet Grille & Pub,0,0,1,1,0,4,4,0,0,Fargo,,N/A,0,0,0,1,1
North Dakota,ND,38,9/3/2020,0,0,Already Permitted,Already Permitted,Wine and beer seem to have always been permitted but not liquor,1,1,505,102,University of North Dakota,Judy's Tavern,0,0,0,1,0,2.5,,0,0,Grand Forks,,N/A,0,0,0,1,1
Ohio,OH,39,7/31/2020,1,1,Yes,Yes,,1,1,55,59,Ohio State University-Main Campus,King Avenue Five,,,,,,,,,,Columbus,,,,,,1,1
Ohio,OH,39,7/31/2020,1,1,Yes,Yes,,1,1,95,100,University of Cincinnati-Main Campus,The Brass Tap,1,1,1,1,1,3,4,0,0,Cincinnati,,bw,1,1,0,1,1
Ohio,OH,39,7/31/2020,1,1,Yes,Yes,,1,1,98,103,Kent State University at Kent,Kent Paninis LLC,1,1,1,1,1,5,4,0,0,Kent,MBW,MBW,1,1,1,1,1
Ohio,OH,39,7/31/2020,1,1,Yes,Yes,,1,1,194,59,Ohio State University-Main Campus,The Big Bar & Grill,,,,,,,,,,Columbus,,,,,,1,1
Ohio,OH,39,7/31/2020,1,1,Yes,Yes,,1,1,235,100,University of Cincinnati-Main Campus,Keystone Bar & Grill Clifton,1,1,1,1,1,4,5,0,0,Cincinnati,,anything sealed for togo drinks,1,1,1,1,1
Ohio,OH,39,7/31/2020,1,1,Yes,Yes,,1,1,238,103,Kent State University at Kent,The Dome Kent,,,,,,,,,,Kent,,,,,,1,1
Ohio,OH,39,7/31/2020,1,1,Yes,Yes,,1,1,374,103,Kent State University at Kent,157 Lounge,1,1,1,1,0,2,4,0,1,Kent,,,0,0,0,1,1
Ohio,OH,39,7/31/2020,1,1,Yes,Yes,,1,1,503,100,University of Cincinnati-Main Campus,The Harth Lounge,,,,,,,,,,Cincinnati,,,,,,1,1
Ohio,OH,39,7/31/2020,1,1,Yes,Yes,,1,1,506,103,Kent State University at Kent,Zephyr Pub,1,1,1,1,0,4,5,0,0,Kent,,,0,0,0,1,1
Oklahoma,OK,40,5/15/2020,1,1,Yes,Yes,,1,1,82,87,University of Oklahoma-Norman Campus,Library Bar & Grill,1,1,1,1,0,2.75,2.6,0,0,Normon,,,0,0,0,1,1
Oklahoma,OK,40,5/15/2020,1,1,Yes,Yes,,1,1,132,139,University of Central Oklahoma,The Garage,0,1,0,1,1,3,5,0,0,Edmond,B,B,1,0,0,1,1
Oklahoma,OK,40,5/15/2020,1,1,Yes,Yes,,1,1,222,87,University of Oklahoma-Norman Campus,Brewhouse,1,1,1,1,1,4.5,2.5,0,1,Normon,,BW,1,1,0,1,1
Oklahoma,OK,40,5/15/2020,1,1,Yes,Yes,,1,1,232,97,Oklahoma State University-Main Campus,Cigar Box,1,1,1,1,,2,5,1,1,Stillwater,,,,,,1,1
Oklahoma,OK,40,5/15/2020,1,1,Yes,Yes,,1,1,274,139,University of Central Oklahoma,Majors,0,0,1,1,,2,5,1,1,Edmond,,,,,,1,1
Oklahoma,OK,40,5/15/2020,1,1,Yes,Yes,,1,1,358,87,University of Oklahoma-Norman Campus,O'Connell's Irish Pub & Grille,1,1,0,,0,2,2,0,0,Normon,,,0,0,0,1,1
Oklahoma,OK,40,5/15/2020,1,1,Yes,Yes,,1,1,368,97,Oklahoma State University-Main Campus,Eskimo Joe's,1,1,1,1,0,5,2,0,0,Stillwater,,N/A,0,0,0,1,1
Oklahoma,OK,40,5/15/2020,1,1,Yes,Yes,,1,1,403,139,University of Central Oklahoma,The Martini Lounge,,,,,,,,,,Edmond,,,,,,1,1
Oklahoma,OK,40,5/15/2020,1,1,Yes,Yes,,1,1,490,87,University of Oklahoma-Norman Campus,Blackbird Gastropub,1,1,1,1,1,5,2.4,1,1,Normon,,BW,1,1,0,1,1
Oklahoma,OK,40,5/15/2020,1,1,Yes,Yes,,1,1,500,97,Oklahoma State University-Main Campus,Buffalo Wild Wings,1,1,0,1,0,2.95,4.4,0,0,Stillwater,,N/A,0,0,0,1,1
Oklahoma,OK,40,5/15/2020,1,1,Yes,Yes,,1,1,537,139,University of Central Oklahoma,Old Chicago,,,,,,,,,,Edmond,,,,,,1,1
Oregon,OR,41,7/24/2020,1,1,Yes,Yes,,1,1,88,93,University of Oregon,The Paddock,1,1,1,1,0,3.25,5,0,0,Eugene,,,0,0,0,1,1
Oregon,OR,41,7/24/2020,1,1,Yes,Yes,,1,1,136,143,Oregon State University,Harrison Bar & Grill,1,1,0,1,0,3,4.5,0,0,Corvallis,,,0,0,0,1,1
Oregon,OR,41,7/24/2020,1,1,Yes,Yes,,1,1,228,93,University of Oregon,New Max's Tavern,1,1,0,0,0,3,4.5,0,0,Eugene,,,0,0,0,1,1
Oregon,OR,41,7/24/2020,1,1,Yes,Yes,,1,1,278,143,Oregon State University,Clodfelter's,1,1,1,0,0,3.95,5,0,0,Corvallis,,,0,0,0,1,1
Oregon,OR,41,7/24/2020,1,1,Yes,Yes,,1,1,364,93,University of Oregon,Mulligans Pub,1,1,1,1,0,2.5,4.5,0,0,Eugene,,,0,0,0,1,1
Oregon,OR,41,7/24/2020,1,1,Yes,Yes,,1,1,443,36,Portland State University,Tube,,,,,,,,,,Portland,,,,,,1,1
Oregon,OR,41,7/24/2020,1,1,Yes,Yes,,1,1,496,93,University of Oregon,Rennie's Landing,1,1,1,1,0,4.5,5.5,0,0,Eugene,,N/A,0,0,0,1,1
Oregon,OR,41,7/24/2020,1,1,Yes,Yes,,1,1,541,143,Oregon State University,Flat Tail Brewing,,,,,,,,,,Corvallis,,,,,,1,1
Pennsylvania,PA,42,7/16/2020,1,1,Already Permitted,Already Permitted,,1,1,71,76,Temple University,Red Top 24 Bar,,,,,,,,,,Philadelphia,,,,,,1,1
Pennsylvania,PA,42,7/16/2020,1,1,Already Permitted,Already Permitted,,1,1,72,77,Bridgewater State University,Emma's Pub & Pizza,,,,,,,,,,Pittsburgh,,,,,,1,1
Pennsylvania,PA,42,7/16/2020,1,1,Already Permitted,Already Permitted,,1,1,171,34,Pennsylvania State University-Main Campus,Inferno,,,,,,,,,,State College,,,,,,1,1
Pennsylvania,PA,42,7/16/2020,1,1,Already Permitted,Already Permitted,,1,1,207,72,University of Pittsburgh,Cheerleader's Gentleman's Club,1,1,1,1,0,5.75,6.25,0,0,Pittsburgh,,,0,0,0,1,1
Pennsylvania,PA,42,7/16/2020,1,1,Already Permitted,Already Permitted,,1,1,212,77,Bridgewater State University,Barrett's Alehouse Bridgewater,1,1,0,0,0,4,6,0,0,Pittsburgh,,,0,0,0,1,1
Pennsylvania,PA,42,7/16/2020,1,1,Already Permitted,Already Permitted,,1,1,310,34,Pennsylvania State University-Main Campus,Arena Bar & Grill,1,1,1,1,1,2.5,3,0,0,State College,take out beer,take out beer,1,0,0,1,1
Pennsylvania,PA,42,7/16/2020,1,1,Already Permitted,Already Permitted,,1,1,348,76,Temple University,The Draught House Pub & Grill,1,1,0,1,0,4.5,6,0,0,Philadelphia,,,0,0,0,1,1
Pennsylvania,PA,42,7/16/2020,1,1,Already Permitted,Already Permitted,,1,1,349,77,Bridgewater State University,99 Restaurants,1,1,1,0,1,2.99,,0,0,Pittsburgh,mbw,mbw,1,1,1,1,1
Pennsylvania,PA,42,7/16/2020,1,1,Already Permitted,Already Permitted,,1,1,441,34,Pennsylvania State University-Main Campus,Café 210 West,1,1,1,0,1,3.25,4,0,0,State College,M,M,0,0,1,1,1
Pennsylvania,PA,42,7/16/2020,1,1,Already Permitted,Already Permitted,,1,1,475,72,University of Pittsburgh,Cavo Night Club,,,,,,,,,,Pittsburgh,,,,,,1,1
Pennsylvania,PA,42,7/16/2020,1,1,Already Permitted,Already Permitted,,1,1,479,76,Temple University,The Hubble Bubble Hookah Lounge,,,,,,,,,,Philadelphia,,,,,,1,1
Pennsylvania,PA,42,7/16/2020,1,1,Already Permitted,Already Permitted,,1,1,480,77,Bridgewater State University,Niko Bar & Grill,1,1,0,1,1,5,6,0,0,Pittsburgh,,cosmos/sangria,0,1,1,1,1
Rhode Island,RI,44,8/7/2020,1,1,Yes,Yes,,1,1,53,56,Rhode Island College,Bradley Café,1,1,0,1,0,4.5,5.5,0,0,Providence,,,0,0,0,1,1
Rhode Island,RI,44,8/7/2020,1,1,Yes,Yes,,1,1,191,56,Rhode Island College,Jamra Hookah Lounge,,,,,,,,,,Providence,,,,,,1,1
Rhode Island,RI,44,8/7/2020,1,1,Yes,Yes,,1,1,330,56,Rhode Island College,The Abbey,,,,,,,,,,Providence,,,,,,1,1
Rhode Island,RI,44,8/7/2020,1,1,Yes,Yes,,1,1,461,56,Rhode Island College,Ciara Restaurant & Lounge,,,,,,,,,,Johnston,,,,,,1,1
South Carolina,SC,45,8/3/2020,1,0,Yes,Yes,Governors order agrees with NABCA,1,1,47,49,Clemson University,TD's of Clemson,1,1,1,1,0,,,0,,Clemson,,N,0,0,0,1,1
South Carolina,SC,45,8/3/2020,1,0,Yes,Yes,Governors order agrees with NABCA,1,1,105,111,College of Charleston,Moe's Crosstwon tavern,1,1,0,1,1,2.75,4.5,0,0,Charleston,MBW,MBW,1,1,1,1,1
South Carolina,SC,45,8/3/2020,1,0,Yes,Yes,Governors order agrees with NABCA,1,1,138,145,University of South Carolina-Columbia,The Capital Club,1,1,0,1,0,3,5,0,0,Columbia,,N/A,0,0,0,1,1
South Carolina,SC,45,8/3/2020,1,0,Yes,Yes,Governors order agrees with NABCA,1,1,185,49,Clemson University,Esso Club,1,1,0,1,0,1.5,3.25,0,0,Clemson,,,0,0,0,1,1
South Carolina,SC,45,8/3/2020,1,0,Yes,Yes,Governors order agrees with NABCA,1,1,246,111,College of Charleston,Dudley's,1,1,0,1,0,,6,0,0,Charleston,,,0,0,0,1,1
South Carolina,SC,45,8/3/2020,1,0,Yes,Yes,Governors order agrees with NABCA,1,1,280,145,University of South Carolina-Columbia,Bar None,1,1,0,0,0,2.5,3.25,0,0,Columbia,,N/A,0,0,0,1,1
South Carolina,SC,45,8/3/2020,1,0,Yes,Yes,Governors order agrees with NABCA,1,1,324,49,Clemson University,Top of the Tavern,,,,,,,,,,Clemson,,,,,,1,1
South Carolina,SC,45,8/3/2020,1,0,Yes,Yes,Governors order agrees with NABCA,1,1,380,111,College of Charleston,Mynt,,,,,,,,,,Charleston,,,,,,1,1
South Carolina,SC,45,8/3/2020,1,0,Yes,Yes,Governors order agrees with NABCA,1,1,409,145,University of South Carolina-Columbia,Uncle Fester's Sports Bar,,,0,1,0,3,4,0,0,Columbia,,,0,0,0,1,1
South Carolina,SC,45,8/3/2020,1,0,Yes,Yes,Governors order agrees with NABCA,1,1,455,49,Clemson University,Sloan Street Tap Room,,,,,,,,,,Clemson,,,,,,1,1
South Carolina,SC,45,8/3/2020,1,0,Yes,Yes,Governors order agrees with NABCA,1,1,513,111,College of Charleston,Royal American,1,1,0,1,0,4.5,6,0,0,Charleston,,N/A,0,0,0,1,1
South Carolina,SC,45,8/3/2020,1,0,Yes,Yes,Governors order agrees with NABCA,1,1,543,145,University of South Carolina-Columbia,Blue,,,,,,,,,,Columbia,,,,,,1,1
South Dakota,SD,46,1/1/2020,0,0,Already Permitted,Already Permitted,"beer was already permitted, as long as you already had both an off and on premise liscence, so depedning on how you look at it either could be right. For our places, im guess APIS is closer",0,0,10,10,Black Hills State University,Z Bar and Nightclub,0,0,,1,,,,,,Spearfish,,,,,,1,1
South Dakota,SD,46,1/1/2020,0,0,Already Permitted,Already Permitted,"beer was already permitted, as long as you already had both an off and on premise liscence, so depedning on how you look at it either could be right. For our places, im guess APIS is closer",0,0,106,112,South Dakota State University,The Wild Hare,0,1,1,1,1,3,2,0,0,Brookings,b,b,1,0,0,1,1
South Dakota,SD,46,1/1/2020,0,0,Already Permitted,Already Permitted,"beer was already permitted, as long as you already had both an off and on premise liscence, so depedning on how you look at it either could be right. For our places, im guess APIS is closer",0,0,148,10,Black Hills State University,Stadium Sports Bar,0,0,1,1,0,4,,0,1,Spearfish,,N/A,0,0,0,1,1
South Dakota,SD,46,1/1/2020,0,0,Already Permitted,Already Permitted,"beer was already permitted, as long as you already had both an off and on premise liscence, so depedning on how you look at it either could be right. For our places, im guess APIS is closer",0,0,157,19,University of South Dakota,Maya Jane's,,,,,,,,,,Vermillion,,,,,,1,1
South Dakota,SD,46,1/1/2020,0,0,Already Permitted,Already Permitted,"beer was already permitted, as long as you already had both an off and on premise liscence, so depedning on how you look at it either could be right. For our places, im guess APIS is closer",0,0,247,112,South Dakota State University,Skinner's Pub,0,0,0,1,1,2.5,3,0,0,Brookings,B,B,1,0,0,1,1
South Dakota,SD,46,1/1/2020,0,0,Already Permitted,Already Permitted,"beer was already permitted, as long as you already had both an off and on premise liscence, so depedning on how you look at it either could be right. For our places, im guess APIS is closer",0,0,289,10,Black Hills State University,Flanagan's Irish Pub,0,0,0,0,0,4.5,4,0,0,Spearfish,,N/A,0,0,0,1,1
South Dakota,SD,46,1/1/2020,0,0,Already Permitted,Already Permitted,"beer was already permitted, as long as you already had both an off and on premise liscence, so depedning on how you look at it either could be right. For our places, im guess APIS is closer",0,0,297,19,University of South Dakota,Old Lumber Company Grill and Bar,0,0,0,1,0,4,3,0,1,Vermillion,,N/A,0,0,0,1,1
South Dakota,SD,46,1/1/2020,0,0,Already Permitted,Already Permitted,"beer was already permitted, as long as you already had both an off and on premise liscence, so depedning on how you look at it either could be right. For our places, im guess APIS is closer",0,0,381,112,South Dakota State University,The Ram & O'Hare's,,,,,,,,,,Brookings,,,,,,1,1
South Dakota,SD,46,1/1/2020,0,0,Already Permitted,Already Permitted,"beer was already permitted, as long as you already had both an off and on premise liscence, so depedning on how you look at it either could be right. For our places, im guess APIS is closer",0,0,427,19,University of South Dakota,Carey's Bar,0,1,0,1,1,4,3.25,0,0,Vermillion,beer only,beer only,1,0,0,1,1
South Dakota,SD,46,1/1/2020,0,0,Already Permitted,Already Permitted,"beer was already permitted, as long as you already had both an off and on premise liscence, so depedning on how you look at it either could be right. For our places, im guess APIS is closer",0,0,514,112,South Dakota State University,Sully's Irish Pub,1,1,0,1,1,3,4,0,0,Brookings,B,B,1,0,0,1,1
Tennessee,TN,47,5/22/2020,1,1,Yes,Yes,,1,1,78,83,The University of Tennessee-Knoxville,Club XYZ,1,1,1,,1,3.5,4.5,0,1,Knoxville,MBW,MBW,1,1,1,1,1
Tennessee,TN,47,5/22/2020,1,1,Yes,Yes,,1,1,163,26,University of Memphis,RP Tracks Restaurant & Bar,1,1,1,1,1,3.5,0.243055556,0,0,Memphis,MBW,MBW,1,1,1,1,1
Tennessee,TN,47,5/22/2020,1,1,Yes,Yes,,1,1,218,83,The University of Tennessee-Knoxville,Marie's Olde Towne Tavern,0,0,1,1,1,2.5,,1,1,Knoxville,b,b,1,0,0,1,1
Tennessee,TN,47,5/22/2020,1,1,Yes,Yes,,1,1,298,20,Middle Tennessee State University,Liquid Smoke,1,1,0,0,1,2,,0,0,Murfreeboro,"B; only serves beer, no wine or liquour","B; only serves beer, no wine or liquour",1,0,0,1,1
Tennessee,TN,47,5/22/2020,1,1,Yes,Yes,,1,1,303,26,University of Memphis,Newby's,,,,,,,,,,Memphis,,,,,,1,1
Tennessee,TN,47,5/22/2020,1,1,Yes,Yes,,1,1,428,20,Middle Tennessee State University,Level 3,,,,,,,,,,Murfreeboro,,,,,,1,1
Tennessee,TN,47,5/22/2020,1,1,Yes,Yes,,1,1,433,26,University of Memphis,The Bluff,,,,,,,,,,Memphis,,,,,,1,1
Tennessee,TN,47,5/22/2020,1,1,Yes,Yes,,1,1,486,83,The University of Tennessee-Knoxville,Balter Beerworks,1,1,1,1,1,5.25,6,0,0,Knoxville,beer only,beer only,1,0,0,1,1
Texas,TX,48,6/26/2020,1,1,Yes,Yes,,1,1,32,33,Texas A & M University-College Station,The Backyard,1,1,1,0,0,,4.5,0,0,College Station,,N/A,0,0,0,1,1
Texas,TX,48,6/26/2020,1,1,Yes,Yes,,1,1,51,54,University of Houston,On the Rocks Bar and Lounge,,,,,,,,,,Houston,,,,,,1,1
Texas,TX,48,6/26/2020,1,1,Yes,Yes,,1,1,170,33,Texas A & M University-College Station,Logies,,,,,,,,,,College Station,,,,,,1,1
Texas,TX,48,6/26/2020,1,1,Yes,Yes,,1,1,189,54,University of Houston,Calhoun's Rooftop,,,,,,,,,,Houston,,,,,,1,1
Texas,TX,48,6/26/2020,1,1,Yes,Yes,,1,1,309,33,Texas A & M University-College Station,Buffalo Wild Wings,1,1,1,0,0,4,4,0,0,College Station,,,0,0,0,1,1
Texas,TX,48,6/26/2020,1,1,Yes,Yes,,1,1,440,33,Texas A & M University-College Station,Icon Nightclub & Lounge,,,,,,,,,,College Station,,,,,,1,1
Texas,TX,48,6/26/2020,1,1,Yes,Yes,,1,1,459,54,University of Houston,The Den,1,1,1,1,1,4,3.5,0,0,Houston,M,M,0,0,1,1,1
Texas,TX,48,6/26/2020,1,1,Yes,Yes,,1,1,478,75,The University of Texas at Austin,Terrace59,,,,,,,,,,Austin,,,,,,1,1
Utah,UT,49,5/1/2020,0,0,For Food Only,For Food Only,"NABCA says no for restaurants, but yes for bars. This one is kinda funny, Utah alcohol control appears to have permitted for a time and then early this year said ""uhhh turns out we were wrong and it was never legal, so please disregard prior info and then flipped again""",1,1,69,74,University of Utah,Good Grammar,,,,,,,,,,Salt Lake City,,,,,,0,0
Utah,UT,49,5/1/2020,0,0,For Food Only,For Food Only,"NABCA says no for restaurants, but yes for bars. This one is kinda funny, Utah alcohol control appears to have permitted for a time and then early this year said ""uhhh turns out we were wrong and it was never legal, so please disregard prior info and then flipped again""",1,1,87,92,Utah State University,Buffalo Wild Wings,1,1,1,0,0,3,5.25,0,0,Logan,,N/A,0,0,0,0,0
Utah,UT,49,5/1/2020,0,0,For Food Only,For Food Only,"NABCA says no for restaurants, but yes for bars. This one is kinda funny, Utah alcohol control appears to have permitted for a time and then early this year said ""uhhh turns out we were wrong and it was never legal, so please disregard prior info and then flipped again""",1,1,200,65,Weber State University,Iron House,,,,1,0,,,,,Ogden,,N/A,0,0,0,0,0
Utah,UT,49,5/1/2020,0,0,For Food Only,For Food Only,"NABCA says no for restaurants, but yes for bars. This one is kinda funny, Utah alcohol control appears to have permitted for a time and then early this year said ""uhhh turns out we were wrong and it was never legal, so please disregard prior info and then flipped again""",1,1,209,74,University of Utah,Urban Lounge,,,,,,,,,,Salt Lake City,,,,,,0,0
Utah,UT,49,5/1/2020,0,0,For Food Only,For Food Only,"NABCA says no for restaurants, but yes for bars. This one is kinda funny, Utah alcohol control appears to have permitted for a time and then early this year said ""uhhh turns out we were wrong and it was never legal, so please disregard prior info and then flipped again""",1,1,227,92,Utah State University,White Owl,0,1,1,0,1,,,0,0,Logan,B,B,1,0,0,0,0
Utah,UT,49,5/1/2020,0,0,For Food Only,For Food Only,"NABCA says no for restaurants, but yes for bars. This one is kinda funny, Utah alcohol control appears to have permitted for a time and then early this year said ""uhhh turns out we were wrong and it was never legal, so please disregard prior info and then flipped again""",1,1,346,74,University of Utah,Dick N' Dixie's,1,1,1,0,0,2,3.5,0,0,Salt Lake City,,,0,0,0,0,0
Utah,UT,49,5/1/2020,0,0,For Food Only,For Food Only,"NABCA says no for restaurants, but yes for bars. This one is kinda funny, Utah alcohol control appears to have permitted for a time and then early this year said ""uhhh turns out we were wrong and it was never legal, so please disregard prior info and then flipped again""",1,1,363,92,Utah State University,Sultan's Tavern,0,0,0,0,0,2.5,2.5,0,0,Logan,,,0,0,0,0,0
Utah,UT,49,5/1/2020,0,0,For Food Only,For Food Only,"NABCA says no for restaurants, but yes for bars. This one is kinda funny, Utah alcohol control appears to have permitted for a time and then early this year said ""uhhh turns out we were wrong and it was never legal, so please disregard prior info and then flipped again""",1,1,477,74,University of Utah,Ex-Wifes Place,,,,,,,,,,Salt Lake City,,,,,,0,0
Utah,UT,49,5/1/2020,0,0,For Food Only,For Food Only,"NABCA says no for restaurants, but yes for bars. This one is kinda funny, Utah alcohol control appears to have permitted for a time and then early this year said ""uhhh turns out we were wrong and it was never legal, so please disregard prior info and then flipped again""",1,1,495,92,Utah State University,Mulligans,1,1,1,0,0,3.5,3,0,0,Logan,,,0,0,0,0,0
Vermont,VT,50,6/8/2020,1,1,Yes,Yes,,1,1,18,18,University of Vermont,Radio Bean,,,,,,,,,,Burlington,,,,,,1,1
Vermont,VT,50,6/8/2020,1,1,Yes,Yes,,1,1,156,18,University of Vermont,JP's Pub,1,1,1,0,0,,,0,0,Burlington,,n/a,0,0,0,1,1
Vermont,VT,50,6/8/2020,1,1,Yes,Yes,,1,1,296,18,University of Vermont,Manhattan Pizza & Pub,1,1,1,1,1,2.5,5,0,0,Burlington,cocktail/beer,cocktail/beer,1,0,1,1,1
Vermont,VT,50,6/8/2020,1,1,Yes,Yes,,1,1,426,18,University of Vermont,Nectar's,1,1,1,0,1,3.5,6,0,0,Burlington,bwm: whole menu is allowed for to-go,bwm: whole menu is allowed for to-go,1,1,1,1,1
Virginia,VA,51,9/10/2020,1,1,Yes,Yes,,1,1,91,96,George Mason University,Fat Tuesday's,1,1,1,1,1,4.5,5.3,,,Fairfax,MBW,MBW,1,1,1,1,1
Virginia,VA,51,9/10/2020,1,1,Yes,Yes,,1,1,231,96,George Mason University,Brion's Grille,1,1,1,1,1,2.5,3,0,0,Fairfax,beer/wine in containers,beer/wine in containers,1,1,0,1,1
Virginia,VA,51,9/10/2020,1,1,Yes,Yes,,1,1,263,128,Virginia Polytechnic Institute and State University,Champs,1,1,0,0,1,,,1,1,Blacksburg,b,b,1,0,0,1,1
Virginia,VA,51,9/10/2020,1,1,Yes,Yes,,1,1,272,137,Virginia Commonwealth University,The Camel,1,1,,1,1,3,6,0,0,Richmond,,B: max 2 drinks to-go and must order food as well,1,0,0,1,1
Virginia,VA,51,9/10/2020,1,1,Yes,Yes,,1,1,401,137,Virginia Commonwealth University,City Dogs,1,1,1,1,1,4,4,0,0,Richmond,,MB,1,0,1,1,1
Virginia,VA,51,9/10/2020,1,1,Yes,Yes,,1,1,527,128,Virginia Polytechnic Institute and State University,London Underground Pub Ltd,,,,,,,,,,Blacksburg,,,,,,1,1
Virginia,VA,51,9/10/2020,1,1,Yes,Yes,,1,1,535,137,Virginia Commonwealth University,District 5,1,1,1,1,1,4,5,0,1,Richmond,MBW,MBW,1,1,1,1,1
Washington,WA,53,7/30/2020,1,1,Yes,Yes,,1,1,94,99,Washington State University,Zeppoz,1,1,1,0,1,3,3.5,0,0,Pullman,"MBW, with food purchase only","MBW, with food purchase only",1,1,1,1,1
Washington,WA,53,7/30/2020,1,1,Yes,Yes,,1,1,187,51,University of Washington-Seattle Campus,The Grizzled Wizard,,,,,,,,,,Seattle,,,,,,1,1
Washington,WA,53,7/30/2020,1,1,Yes,Yes,,1,1,234,99,Washington State University,Etsi Bravo,,,,,1,,,,,Pullman,,Drinks to go only with food purchases,,,,1,1
Washington,WA,53,7/30/2020,1,1,Yes,Yes,,1,1,295,17,Western Washington University,Beaver Inn,1,1,0,1,0,4.5,4.5,0,0,Bellingham,,,0,0,0,1,1
Washington,WA,53,7/30/2020,1,1,Yes,Yes,,1,1,326,51,University of Washington-Seattle Campus,Shultzy's Bar & Grill,,,,,,,,,,Seattle,,,,,,1,1
Washington,WA,53,7/30/2020,1,1,Yes,Yes,,1,1,425,17,Western Washington University,Schweinhaus Biergarten,1,1,1,1,1,5,,0,0,Bellingham,,$16-20 to fill up growler customers bring in,1,0,0,1,1
Washington,WA,53,7/30/2020,1,1,Yes,Yes,,1,1,457,51,University of Washington-Seattle Campus,Finn MacCool's Irish Public House,,,,,,,,,,Seattle,,,,,,1,1
Washington,WA,53,7/30/2020,1,1,Yes,Yes,,1,1,502,99,Washington State University,Valhalla Bar & Grill,1,1,1,1,1,3.75,3,0,0,Pullman,bottles of wine to go only,bottles of wine to go only,0,1,0,1,1
West Virginia,WV,54,9/2/2020,1,1,Yes,Yes,,1,1,41,43,West Virginia University,Scorers,1,1,0,1,0,2,5,0,0,Morgantown,,N/A,0,0,0,1,1
West Virginia,WV,54,9/2/2020,1,1,Yes,Yes,,1,1,116,122,Fairmont State University,Hilltop Grill,,,,,,,,,,Fairmont,,,,,,1,1
West Virginia,WV,54,9/2/2020,1,1,Yes,Yes,,1,1,176,40,Marshall University,26th Street Dinkery,1,1,1,1,,,,,,Hunnington,,,,,,1,1
West Virginia,WV,54,9/2/2020,1,1,Yes,Yes,,1,1,179,43,West Virginia University,Kegler's,1,1,1,1,0,4,4,0,0,Morgantown,,N/A,0,0,0,1,1
West Virginia,WV,54,9/2/2020,1,1,Yes,Yes,,1,1,257,122,Fairmont State University,The College Lunch,0,0,0,1,1,2.14,,0,0,Fairmont,6 pack of Beer,6 pack of Beer,1,0,0,1,1
West Virginia,WV,54,9/2/2020,1,1,Yes,Yes,,1,1,318,43,West Virginia University,High Street Canteen,1,1,1,1,1,2.5,,0,0,Morgantown,"6 pack beer, cups of beer to go","6 pack beer, cups of beer to go",1,0,0,1,1
West Virginia,WV,54,9/2/2020,1,1,Yes,Yes,,1,1,446,40,Marshall University,Inn Between Bar & Grill,1,1,1,0,0,2.5,2.5,0,0,Hunnington,,,0,0,0,1,1
West Virginia,WV,54,9/2/2020,1,1,Yes,Yes,,1,1,449,43,West Virginia University,Back Door,,,,,,,,,,Morgantown,,,,,,1,1
West Virginia,WV,54,9/2/2020,1,1,Yes,Yes,,1,1,522,122,Fairmont State University,Benny's,,,,,,,,,,Fairmont,,,,,,1,1
Wisconsin,WI,55,5/13/2020,1,1,Yes,Yes,,1,1,29,30,University of Wisconsin-Madison,Ideal Bar,,,,,,,,,,Madison,,,,,,1,1
Wisconsin,WI,55,5/13/2020,1,1,Yes,Yes,,1,1,42,44,University of Wisconsin-Oshkosh,Peabodys Ale House,0,0,0,1,0,2,2,0,1,Oshkosh,,,0,0,0,1,1
Wisconsin,WI,55,5/13/2020,1,1,Yes,Yes,,1,1,93,98,University of Wisconsin-Milwaukee,Bremen Café,,,,,,,,,,"Milwaukee,",,,,,,1,1
Wisconsin,WI,55,5/13/2020,1,1,Yes,Yes,,1,1,167,30,University of Wisconsin-Madison,The Laurel Tavern,1,1,1,1,0,3,,0,0,Madison,,N/A,0,0,0,1,1
Wisconsin,WI,55,5/13/2020,1,1,Yes,Yes,,1,1,180,44,University of Wisconsin-Oshkosh,Molly Mcguire's,0,0,0,1,1,3,4,0,1,Oshkosh,,"B, W",1,1,0,1,1
Wisconsin,WI,55,5/13/2020,1,1,Yes,Yes,,1,1,233,98,University of Wisconsin-Milwaukee,Veggas Pub,,,,,,,,,,"Milwaukee,",,,,,,1,1
Wisconsin,WI,55,5/13/2020,1,1,Yes,Yes,,1,1,307,30,University of Wisconsin-Madison,Liquid,,,,,,,,,,Madison,,,,,,1,1
Wisconsin,WI,55,5/13/2020,1,1,Yes,Yes,,1,1,369,98,University of Wisconsin-Milwaukee,The Black Rose irish pub,,,,,,,,,,"Milwaukee,",,,,,,1,1
Wisconsin,WI,55,5/13/2020,1,1,Yes,Yes,,1,1,437,30,University of Wisconsin-Madison,Wando's,1,1,0,1,0,4.25,3.5,0,0,Madison,,,0,0,0,1,1
Wisconsin,WI,55,5/13/2020,1,1,Yes,Yes,,1,1,450,44,University of Wisconsin-Oshkosh,Magnet Billboard's,,,,,,,,,,Oshkosh,,,,,,1,1
Wisconsin,WI,55,5/13/2020,1,1,Yes,Yes,,1,1,501,98,University of Wisconsin-Milwaukee,The Jazz Estate,,,,,,,,,,"Milwaukee,",,,,,,1,1
Wyoming,WY,56,5/16/2020,0,0,Yes,Yes,"executive order was set to expire, agreeing with APIS",0,0,115,121,University of Wyoming,Buckhorn Bar,0,0,1,1,1,3.5,3.5,0,1,Laramie,B,B,1,0,0,1,1
Wyoming,WY,56,5/16/2020,0,0,Yes,Yes,"executive order was set to expire, agreeing with APIS",0,0,256,121,University of Wyoming,Bud's Bar,0,0,0,1,1,3,3,0,0,Laramie,,bw,1,1,0,1,1
Wyoming,WY,56,5/16/2020,0,0,Yes,Yes,"executive order was set to expire, agreeing with APIS",0,0,388,121,University of Wyoming,Copper Corner LLC,,,,,,,,,,Laramie,,,,,,1,1
Wyoming,WY,56,5/16/2020,0,0,Yes,Yes,"executive order was set to expire, agreeing with APIS",0,0,521,121,University of Wyoming,3rd Street Bar & Grill,,,,,,,,,,Laramie,,,,,,1,1
